YOUR SKU;MANUF.SKU;PRODUCT;PRICE;INVENTORY;NEXT SHIPMENT;EAN;MANUFACTURER;WEIGHT;
150065;WFBKTR3;Wahoo KICKR SNAP;2407;440000;168;000000;0;853988006355;Wahoo Fitness Accessories;22;000000;
150030;WFKICKRCAM;Wahoo KICKR Campagnolo free hub  Pre-2017*;335;440000;0;000000;0;857335002632;Wahoo Fitness Accessories;0;500000;
150031;WFKICKR142;Wahoo KICKR 142x12mm Mountain Bike Adapter Kit;139;440000;29;000000;0;857335002717;Wahoo Fitness Accessories;0;140000;
150027;WFKICKRMAT;Wahoo KICKR Mat;335;440000;470;000000;0;857335002564;Wahoo Fitness Accessories;2;100000;
150215;WFBKTR120;Wahoo KICKR (v.5);5399;400000;52;000000;0;0850010131092;Wahoo Fitness Hardware;25;000000;
720118;WPACE2-NVY-N;Coros Pace 2 Dark Navy with Nylon Band;895;440000;0;000000;0;810005781367;Coros;0;380000;
720119;WPACE2-NVY;Coros Pace 2 Dark Navy with Silicone band;895;440000;0;000000;0;810005781343;Coros;0;380000;
720120;WPACE2-WHT-N;Coros Pace 2 White with Nylon band;895;440000;0;000000;0;810005781374;Coros;0;380000;
720121;WPACE2-WHT;Coros Pace 2 White with Silicone Band;895;440000;181;000000;0;810005781350;Coros;0;380000;
840000;Z601;ZEN Z-Roller Lite;1287;440000;2;000000;0;7090043646016;;9;000000;
840001;Z803;ZEN Z-Roller Pro;2071;440000;1;000000;0;7090043648034;;13;000000;
700033;54020 001-00;Hyperice Hypervolt Plus BT;2127;440000;711;000000;0;852152004517;Hyperice;3;500000;
700065;60000 001-04;Hyperice Normatec 2.0 Leg Rec. System Tall Size Black;7039;360000;0;000000;0;852152004708;Hyperice;4;500000;
700067;60030 001-03;Hyperice Normatec PRO 2.0 Leg Recovery System*;10879;360000;2;000000;0;810050280051;Hyperice;4;500000;
700071;82002-001-00;Hyperice Normatec PULSE Series Power Supply;255;360000;0;000000;0;810050280341;Hyperice;0;090000;
150256;WFPRCLTAC;Wahoo SPEEDPLAY: Cleat Cover;128;240000;39;000000;0;850010131283;;0;050000;
450011;450011;Re:claim Baby Softener*;31;600000;0;000000;0;7350003510178;re:CLAIM;0;543000;
150032;WFBTSC02;Wahoo BLUESC Speed/Cadence BT 4.0 / ANT+;279;440000;43;000000;0;857335002816;Wahoo Fitness Hardware;0;120000;
150233;WFCC5B;Wahoo ELEMNT BOLT Bundle V2 GPS Cycling Computer;1619;400000;0;000000;0;850010131474;;0;400000;
150233;WFCC5B;Wahoo ELEMNT BOLT Bundle V2 GPS Cycling Computer;1619;400000;0;000000;0;850010131474;;0;400000;
150232;WFCC5;Wahoo ELEMNT BOLT V2 GPS Cycling Computer;1319;400000;0;000000;0;850010131146;;0;400000;
150232;WFCC5;Wahoo ELEMNT BOLT V2 GPS Cycling Computer;1319;400000;0;000000;0;850010131146;;0;400000;
450003;450003;Re:claim Spray;31;600000;2475;000000;0;7350003510031;re:CLAIM;0;320000;
450002;450002;Re:claim Softener;31;600000;1668;000000;0;7350003510024;re:CLAIM;0;543000;
450004;450004;Re:claim Travel Pack;31;600000;1256;000000;0;7350003510048;re:CLAIM;0;210000;
150222;WFWSTRP01;Wahoo ELEMNT RIVAL Watchband (Stealth Gray);153;384000;30;000000;0;850010131245;;0;000000;
150223;WFWSTRP02;Wahoo ELEMNT RIVAL Watchband (Kona White);153;384000;35;000000;0;850010131252;;0;000000;
720126;Wpace2-wb-blk-n;Coros ACC Pace 2 Nylon Band - Black Works w/apex 42mm;139;440000;0;000000;0;810005781497;;0;050000;
780012;AC306-25;The Skin Agent ACTIVE Anti friction balm 25 ml;61;880000;559;000000;0;7350008050143;;0;053000;
780013;AC307-25;The Skin Agent ACTIVE Anti friction balm 75 ml;93;080000;251;000000;0;7350008050150;;0;134000;
770071;A001152;BLACKROLL SUPER BAND; Green - medium;103;000000;6;000000;0;4260346272196;Blackroll;0;220000;
150224;WFWCHRG01;Wahoo ELEMNT RIVAL USB Charger;122;584000;30;000000;0;850010131276;;0;000000;
770087;A000582;BLACKROLL® OFFICE BOX black;247;000000;9;000000;0;4260346271571;Blackroll;0;743000;
770088;A001216;BLACKROLL® YOGA BAG black*;119;000000;2;000000;0;4260346272370;Blackroll;0;230000;
770089;A001212;BLACKROLL® YOGA BELT black*;67;000000;11;000000;0;4260346272295;Blackroll;0;174000;
770093;A002446;BLACKROLL® TMX® MIXED SET black;218;000000;5;000000;0;4260346274756;Blackroll;0;177000;
770094;A002239;BLACKROLL® BLOCK SET YOGA black; pink*;171;000000;0;000000;0;4260346273308;Blackroll;0;330000;
770095;A002507;BLACKROLL® BOOSTER HEAD BOX;987;000000;0;000000;0;4260346271977;Blackroll;1;934000;
770096;A000734;BLACKROLL® MICRO pink - boxed;25;000000;8;000000;0;4260346272110;Blackroll;0;130000;
700034;55000 006-00;Hyperice Hypervolt GO;979;440000;2330;000000;0;810050280846;;1;900000;
770082;A002504;BLACKROLL® BOOSTER SET STANDARD black;909;000000;3;000000;0;4260346270758;Blackroll;1;566000;
770083;A000731;BLACKROLL® MICRO azure;27;000000;6;000000;0;4260346272097;Blackroll;0;130000;
770084;A000730;BLACKROLL® MICRO black;27;000000;7;000000;0;4260346272004;Blackroll;0;130000;
770085;A000732;BLACKROLL® MICRO green;27;000000;8;000000;0; ;Blackroll;0;130000;
770086;A000733;BLACKROLL® MICRO orange;27;000000;9;000000;0;4260346272127;Blackroll;0;130000;
770097;A000728;BLACKROLL® MINI GYM SET;151;000000;5;000000;0;4260346272080;Blackroll;0;100000;
770098;A001314;BLACKROLL® PILLOW CASE JERSEY anthracite;89;000000;4;000000;0;4260346272356;Blackroll;0;800000;
770099;A001310;BLACKROLL® PILLOW CASE JERSEY DUO PACK white;156;000000;0;000000;0;4260346272318;Blackroll;0;160000;
770101;A001312;BLACKROLL® PILLOW CASE JERSEY light grey;89;000000;3;000000;0;4260346272332;Blackroll;0;800000;
770102;A001311;BLACKROLL® PILLOW CASE JERSEY white;89;000000;4;000000;0;4260346272325;Blackroll;0;800000;
770103;A001026;BLACKROLL® RUNNING BAG;55;000000;6;000000;0;4211125640675;Blackroll;0;800000;
770104;A002341;BLACKROLL® STANDARD black/pink - boxed incl. info yoga;171;000000;0;000000;0;4260346271540;Blackroll;0;320000;
770105;A001081;BLACKROLL® TRAINERBAG XXL;171;000000;1;000000;0;4260346271540;Blackroll;0;966000;
150038;WFSNAP142;Wahoo KICKR SNAP 142x12mm Mountain Bike Adapter Kit;363;440000;0;000000;0;853988006010;Wahoo Fitness Accessories;0;100000;
150039;WFPODCAD2;Wahoo RPM Cadence Sensor ( Black );195;440000;111;000000;0;857335002793;Wahoo Fitness Hardware;0;080000;
150040;WFRPMSPD;Wahoo RPM Speed Sensor;195;440000;0;000000;0;853988006096;Wahoo Fitness Hardware;0;080000;
150041;WFRPMC;Wahoo RPM Speed & Cadence Combo;335;440000;0;000000;0;853988006102;Wahoo Fitness Hardware;0;080000;
150230;WFKICKRCABLE;Wahoo KICKR Direct Connect;447;440000;71;000000;0;850010131139;;0;450000;
211004;10402;MAURTEN Drink Mix 320 CAF 100 - box of 14 servings;215;520000;25;000000;0;7350008410343;;1;340000;
211003;10102;MAURTEN Drink Mix 160 - box of 18 servings;162;720000;261;000000;0;7350008410022;;0;890000;
211000;12002;MAURTEN GEL 100 - box of 12 servings;167;520000;0;000000;0;7350008410138;;0;600000;
211001;13002;MAURTEN GEL 100 CAF 100 - box of 12 servings;191;520000;84;000000;0;7350008410220;;0;600000;
520006;UK_PGQLM;Paingone QALM;779;480000;209;000000;0;5060035704385;;0;245000;
520007;UK_PGQLM-PADS;Paingone Pads for QALM;49;840000;221;000000;0;5060035704422;;0;031000;
150213;WFCC4M2;Wahoo ELEMNT ROAM Two Bolt Out Front Mount;111;440000;1;000000;0;853988006782;Wahoo Fitness Accessories;0;050000;
160011;BLT15DSUNI;Bluetens Pack DUO-SPORT/2 wireless with acc. D UNIVERSAL;1287;440000;22;000000;0;3760071201108;;1;200000;
780015;MV208-75;The Skin Agent MOVE Anti chafe balm 75 ml;93;080000;0;000000;0;7350008050136;;0;134000;
780014;MV207-25;The Skin Agent MOVE Anti chafe balm 25 ml;61;880000;0;000000;0;7350008050129;;0;053000;
160002;BLT02_UNI_SPO;Bluetens + accessories Sport UNIVERSEL;671;440000;40;000000;0;3760071200712;;0;045000;
160007;MPACKUNI;Bluetens Masterpack  + All accessories UNIVERSEL;811;440000;164;000000;0;3760071200781;;1;400000;
160012;ELEC1201;Bluetens Pack of 12 electrodes S UNIVERSAL;66;640000;114;000000;0;3760071200002;;0;051000;
160013;ELEC0801;Bluetens Pack of 8 electrodes M UNIVERSAL;66;640000;177;000000;0;3760071200057;;0;071000;
160014;CLIP01;Bluetens Belt Clip UNIVERSAL;42;000000;8;000000;0;3760071200040;;0;019000;
160015;HC01;Bluetens Hardcase for the carying UNIVERSAL;83;440000;9;000000;0;3760071200033;;0;190000;
160016;CLI01SF;Bluetens Wireless Pack UNIVERSAL;105;840000;17;000000;0;3760071200644;;0;087000;
160017;ELESUR;Bluetens Electrodes surf UNIVERSAL;66;640000;5;000000;0;3760071200668;;0;044000;
160018;ELEPAP;Bluetens Electrodes butterfly UNIVERSAL;66;640000;35;000000;0;3760071200651;;0;068000;
160019;ELECDS;Bluetens DS Pack 4 electrodes M and 8 electrodes S;83;440000;100;000000;0;3760071201115;;0;068000;
150218;V179010501;Wahoo Timing belt KICKR18;335;440000;2;000000;0; ;Wahoo Fitness Accessories;0;000000;
780016;CF104-25;The Skin Agent COMFORT Anti chafe balm 25 ml;61;880000;263;000000;0;7350008050167;;0;053000;
520002;PGP-1282;Paingone Plus;238;680000;894;000000;0;5060035703272;;0;200000;
520003;KTR-230;Paingone Easy;197;080000;294;000000;0;5060035703968;;0;080000;
700064;60000 001-01;Hyperice Normatec 2.0 Leg Rec System Short Size Black;7039;360000;1;000000;0;852152004548;Hyperice;4;500000;
150220;WF140BK;Wahoo ELEMNT RIVAL Multi-Sport GPS Watch - Stealth Grey;1847;384000;667;000000;0;850010131115;;0;320000;
160003;BLT02_UNI_GDI;*Bluetens + accessories CE UNIVERSEL;671;440000;0;000000;0;3760071200705;;0;045000;
770081;A001114;BLACKROLL® BOOSTER HEAD;212;000000;2;000000;0;4260346271946;Blackroll;0;347000;
150217;SUN-1200500;Wahoo POWER BRICK FOR TRAINERS 2018;279;440000;5;000000;0; ;;0;000000;
150053;WFANTKIT1;Wahoo ANT+ USB;167;520000;104;000000;0;853988006263;Wahoo Fitness Hardware;1;000000;
150045;WFCC1M2;Wahoo ELEMNT Stem Mount;66;640000;0;000000;0;853988006164;Wahoo Fitness Accessories;0;031000;
150048;WFDESK1;Wahoo KICKR Desk;1399;440000;71;000000;0;857335002984;Wahoo Fitness Accessories;17;200000;
720047;WAPX-WB-WHT;Coros ACC APEX - 46mm/Pro Watch Band - White;139;440000;0;000000;0;810005780643;Coros;0;060000;
720048;WAPXP-WB-BLK;Coros ACC APEX - 46mm/Pro Watch Band - Black;139;440000;0;000000;0;810005780971;Coros;0;060000;
720049;WAPX-WB-LIM;Coros ACC APEX - 46mm/Pro Watch Band - Lime;139;440000;0;000000;0;810005780810;Coros;0;060000;
720050;WAPXP-WB-ORG;Coros ACC APEX - 46mm/Pro Watch Band - Orange;139;440000;0;000000;0;810005780988;Coros;0;060000;
720051;WAPXs-WB-COR;Coros ACC APEX - 42mm Watch Band - Coral Orange;139;440000;0;000000;0;810005780827;Coros;0;060000;
720052;WAPXs-WB-GRP;Coros ACC APEX - 42mm Watch Band - Grape;139;440000;3;000000;0;810005780834;Coros;0;060000;
720042;WVTX-WB-ORG;Coros ACC VERTIX Orange wrist band (silicone);139;440000;0;000000;0;810005780698;Coros;0;060000;
720043;WVTX-WB-GRN;Coros ACC VERTIX Green wrist band (silicone);139;440000;0;000000;0;810005780704;Coros;0;060000;
720045;WVTX-WB-KAK;Coros ACC VERTIX Khaki wrist band (silicone);139;440000;7;000000;0;810005780735;Coros;0;060000;
720046;WVTX-WB-LGN;Coros ACC VERTIX Lime Green wrist band (silicone);139;440000;0;000000;0;810005780742;Coros;0;060000;
150097;WFBTHR04;Wahoo TICKR Heart Rate Monitor - White;223;440000;0;000000;0;853988006812;Wahoo Fitness POS;0;108000;
150099;WFBTHR04X;Wahoo TICKR X Heart Rate Monitor with Motion & Memory;335;440000;0;000000;0;853988006829;Wahoo Fitness POS;0;108000;
150095;WFCC4B2;Wahoo ELEMNT ROAM Bundle  -  TICKR Gen 2 and RPM Combo;1919;400000;0;000000;0;850010131054;Wahoo Fitness POS;0;600000;
150098;WFBTHR04G;Wahoo TICKR Heart Rate Monitor - Stealth;223;440000;2132;000000;0;853988006928;Wahoo Fitness POS;0;108000;
550070;WSM02-Analyzer-All-EU/UK;Withings Sleep Analyser;719;400000;0;000000;0;3700546706516;Nokia;0;824000;
450000;450000;Re:claim Original;31;600000;3808;000000;0;7350003510000;re:CLAIM;0;543000;
450001;450001;Re:claim Sensitive;31;600000;475;000000;0;7350003510017;re:CLAIM;0;543000;
720039;WAPX-WB-COR;*Coros ACC Apex coral waist band 46mm;139;440000;17;000000;0;810005780803;Coros;0;060000;
450020;450020;Re:claim Work Wool;39;600000;422;000000;0;7350003510192;re:CLAIM;1;050000;
550024;Silicone Wristband-Red-20 mm;Withings acc band Red Silicon 40mm;119;400000;23;000000;0;3700546703416;Nokia;0;017000;
550021;Silicone Wristband-Grey-18 mm;Withings acc band Grey Silicon 36mm;119;400000;5;000000;0;3700546703478;Nokia;0;017000;
150057;000-5000;Wahoo KICKR Skewer - QR L:150 mm;111;440000;4;000000;0; ;Wahoo Fitness Accessories;0;150000;
150058;000-0422;Wahoo KICKR 130/135 hub with adapter;78;090000;1;000000;0; ;Wahoo Fitness Accessories;0;100000;
550026;Silicone Wristband-Deep Blue-20 mm;Withings acc band Deep Blue Silicon 40mm;119;400000;14;000000;0;3700546703393;Nokia;0;017000;
550030;Silicone Wristband-Black-18 mm;Withings acc band Black Silicon 36mm;119;400000;9;000000;0;3700546703331;Nokia;0;017000;
550028;Silicone Wristband-Mineral Blue-18 mm;Withings acc band Mineral Blue Silicon 36mm;119;400000;4;000000;0;3700546703362;Nokia;0;017000;
550029;Silicone Wristband-White-18 mm;Withings acc band White Silicon 36mm;119;400000;14;000000;0;3700546703355;Nokia;0;017000;
550032;Leather Wristband-Brown-18 mm;Withings acc band Brown leather 36mm;239;400000;19;000000;0;3700546703324;Nokia;0;017000;
550033;Leather Wristband-Black-18 mm;Withings acc band Black leather 36mm;239;400000;18;000000;0;3700546703317;Nokia;0;040000;
150066;WFBKTR5;Wahoo KICKR CLIMB;2579;400000;104;000000;0;853988006416;Wahoo Fitness Accessories;12;200000;
550022;Silicone Wristband-Light Pink-18 mm;Withings acc band light pink Silicon 36mm*;119;400000;2;000000;0;3700546703461;Nokia;0;017000;
550023;Silicone Wristband-Red-18 mm;Withings acc band Red Silicon 36mm;119;400000;12;000000;0;3700546703409;Nokia;0;017000;
150062;WFCC3M1;Wahoo ELEMNT Bolt Aero Out Front Mount;83;440000;38;000000;0;853988006348;Wahoo Fitness Accessories;0;030000;
150063;WFCCL1;Wahoo ELEMNT BOLT Tether;83;440000;38;000000;0;853988006331;Wahoo Fitness Accessories;0;010000;
550025;Silicone Wristband-Deep Blue-18 mm;Withings acc band Deep Blue Silicon 36mm;119;400000;2;000000;0;3700546703386;Nokia;0;017000;
550027;Silicone Wristband-Raspberry-18 mm;*Withings acc band Raspberry Silicon 36mm;119;400000;0;000000;0;3700546703379;Nokia;0;017000;
700010;40060 038-00;Hyperice Acc Display Stand;223;440000;0;000000;0;852152004050;Hyperice;0;000000;
700012;40015038-00;Hyperice Acc Applicator Kit;128;240000;19;000000;0;852152004289;Hyperice;0;200000;
550034;Leather Wristband-Black-20 mm;Withings acc band Black leather 40mm;239;400000;13;000000;0;3700546702877;Nokia;0;040000;
550031;Silicone Wristband-Black-20 mm;Withings acc band Black Silicon 40mm;119;400000;42;000000;0;3700546703348;Nokia;0;017000;
550009;SCT01-All-Inter;Withings Thermo;479;400000;74;000000;0;3700546702464;Nokia;0;243000;
550001;WBS06-Black-All-Inter;Withings Body Black;299;400000;62;000000;0;3700546702518;Nokia;2;700000;
550002;WBS06-White-All-Inter;Withings Body White;299;400000;105;000000;0;3700546702525;Nokia;2;700000;
550003;WBS05-White-All-Inter;Withings Body + White;479;400000;211;000000;0;3700546702396;Nokia;2;700000;
550004;WBS05-Black-All-Inter;Withings Body + Black;479;400000;766;000000;0;3700546702389;Nokia;2;700000;
550016;HWA03-36black-All-Inter;Withings Steel HR (36mm) - Black;869;400000;9;000000;0;3700546702532;Nokia;0;248000;
550017;HWA03-36white-All-Inter;Withings Steel HR (36mm) - White;869;400000;6;000000;0;3700546702549;Nokia;0;248000;
550018;HWA03-40black-All-Inter;Withings Steel HR (40mm) - Black;869;400000;83;000000;0;3700546702556;Nokia;0;051000;
550035;Charging cable-HWA03;Withings acc charger Steel HR;119;400000;10;000000;0;3700546703294;Nokia;0;040000;
450007;450007;Re:claim Wool Wash;31;600000;3614;000000;0;7350003510130;re:CLAIM;0;543000;
150067;WFBTHR03;Wahoo TICKR FIT Optical Armband;363;440000;315;000000;0;853988006454;Wahoo Fitness Accessories;0;100000;
550043;36white - RG - S. Grey-All-Inter;Withings Steel HR (36mm) white/Rose Gold w Grey strap;1019;400000;9;000000;0;3700546704260;Nokia;0;248000;
150231;WFHRSTRAP2;Wahoo TICKR/ TICKR X Replacement Strap - Gen 2;111;440000;26;000000;0;850010131061;;0;100000;
520008;UK_PGA;Paingone AEGIS;389;480000;210;000000;0;5060035704477;;0;266000;
550042;WBS04b-Black-All-Inter;Withings Body Cardio Black V.2;719;400000;0;000000;0;3700546704451;Nokia;3;700000;
550041;WBS04b-White-All-Inter;Withings Body Cardio White V.2;719;400000;16;000000;0;3700546704444;Nokia;3;700000;
770106;A001217;BLACKROLL® YOGA SET - "BLACKROLL® meets YOGA"*;415;000000;1;000000;0;4260346272363;Blackroll;2;811000;
450006;450006;Re:claim Sensitive 5L;159;600000;155;000000;0;7350003510086;re:CLAIM;5;170000;
150068;WFCC3M2;Wahoo ELEMNT BOLT Two Bolt Out Front Mount;111;440000;11;000000;0;853988006386;Wahoo Fitness Accessories;0;030000;
150069;WFBKTR4;Wahoo KICKR CORE;3599;400000;60;000000;0;853988006522;Wahoo Fitness Accessories;21;300000;
150072;WFBKTR7EU;Wahoo Headwind;1119;440000;340;000000;0;853988006546;Wahoo Fitness Accessories;9;970000;
450005;450005;Re:claim Original 5L;159;600000;145;000000;0;7350003510079;re:CLAIM;5;170000;
550048;HWA03b-40black-sport-all-Inter;Withings Steel HR Sport Black;1019;400000;0;000000;0;3700546704475;Nokia;0;260000;
550049;HWA03b-40white-sport-all-Inter;Withings Steel HR Sport White;1019;400000;126;000000;0;3700546704499;Nokia;0;260000;
720027;WAPX-WHT;Coros APEX Watch 46mm White;1511;440000;22;000000;0;810005780636;Coros;0;390000;
720020;WVTX-BLK;Coros VERTIX Watch Dark Rock - Black;2687;440000;38;000000;0;810005780650;Coros;1;160000;
720021;WVTX-SVR;Coros VERTIX Watch Fire Dragon - Orange;2687;440000;14;000000;0;810005780667;Coros;1;160000;
720022;WVTX-GLD;Coros VERTIX Watch Mountain Hunter - Green;2687;440000;0;000000;0;810005780674;Coros;1;160000;
720023;WVTX-BLU;*Coros VERTIX Watch Ice breaker - Blue;3247;440000;0;000000;0;810005780711;Coros;1;160000;
720040;RUNPOD;Coros Performance Optimization Device (POD);279;440000;0;000000;0;810005780797;Coros;0;120000;
150210;WFCC4M1;WAHOO ELEMNT ROAM Aero Out Front Mount;100;240000;37;000000;0;853988006669;Wahoo Fitness Accessories;0;050000;
150086;W01-0002;Wahoo KICKR Power Supply EU CORD - V179010704;55;440000;6;000000;0; ;Wahoo Fitness POS;0;000000;
720041;WVTX-WB-BLK;Coros ACC VERTIX Black wrist band (silicone);139;440000;0;000000;0;810005780681;Coros;0;060000;
720044;WVTX-WB-NVY;Coros ACC VERTIX Navy wrist band (silicone);139;440000;0;000000;0;810005780728;Coros;0;060000;
550057;HWA06-model 1-all-Int;*Withings Move Black/Yellow*;359;400000;0;000000;0;3700546705205;Nokia;0;220000;
550058;HWA06-model 4-all-Int;Withings Move White/Blue*;359;400000;25;000000;0;3700546705212;Nokia;0;220000;
550059;HWA06-model 5-all-Int;*Withings Move White/Coral*;359;400000;0;000000;0;3700546705229;Nokia;0;220000;
700017;34000 001-00;Hyperice Hypersphere Mini;447;440000;49;000000;0;852152004494;Hyperice;0;550000;
700020;10021 001-00;Hyperice ICT Shoulder-Left;447;440000;18;000000;0;852152004111;Hyperice;1;000000;
770048;A001102;BLACKROLL NEEDLEROLLER;184;000000;7;000000;0;4260346271519;Blackroll;0;330000;
770000;A000389;BLACKROLL STANDARD Black;135;000000;20;000000;0;4260346270000;Blackroll;0;290000;
770001;A000446;BLACKROLL STANDARD Black/Yellow;140;000000;9;000000;0;4260346270024;Blackroll;0;290000;
770002;A000417;BLACKROLL STANDARD Black/White/Blue;140;000000;0;000000;0;4260346270048;Blackroll;0;430000;
700015;33010-038-00;Hyperice RelaxRoll AchillX;139;440000;32;000000;0;852152004852;Hyperice;0;060000;
700004;31000 001-00;Hyperice Vyper 2.0 Black;895;440000;53;000000;0;852152004838;Hyperice;1;400000;
700006;32000 010-00;Hyperice Hypersphere Green/Black*;671;440000;0;000000;0;852152004678;Hyperice;1;400000;
700007;32000 001-00;Hyperice Hypersphere Black;671;440000;32;000000;0;852152004715;Hyperice;1;400000;
700021;10022 001-00;Hyperice ICT Shoulder-Right;447;440000;5;000000;0;852152004128;Hyperice;1;000000;
700022;10030 001-00;Hyperice ICT Utility;335;440000;16;000000;0;852152004098;Hyperice;1;000000;
700023;10040 001-00;Hyperice ICT Back;503;440000;19;000000;0;852152004135;Hyperice;1;000000;
700024;10010 001-00;Hyperice ICT Knee;391;440000;6;000000;0;852152004104;Hyperice;1;000000;
700025;20010 000-00;Hyperice Fuel;167;440000;0;000000;0;852152004371;Hyperice;1;700000;
700026;90001 038-03;Hyperice Ice Cell;195;440000;8;000000;0;852152004401;Hyperice;0;200000;
770041;A000443;BLACKROLL BLACKBOX; set with foam rollers & fascia balls;259;000000;17;000000;0;4260346270857;Blackroll;0;850000;
150078;WFKICKRXDR;Wahoo SRAM XDR/XD freehub KICKR V4; V5 & CORE;279;440000;45;000000;0;853988006898;Wahoo Fitness POS;0;000000;
770027;A000523;BLACKROLL BALL08 - Orange;51;000000;24;000000;0;4260346270482;Blackroll;0;780000;
700013;40014 001-00;Hyperice Acc Case;223;440000;1595;000000;0;852152004166;Hyperice;0;660000;
720012;WAPXs-WB-BLU;Coros ACC Apex Watch Band Blue 42mm;139;440000;2;000000;0;810005780438;Coros;0;060000;
720013;WAPX-CRB;Coros ACC Apex Charging Cable;83;440000;0;000000;0;810005780339;Coros;0;070000;
700005;20000 024-00;Hyperice Venom Back V2;1119;440000;26;000000;0;852152004555;Hyperice;1;400000;
700009;30070 001-00;Hyperice Acc Charger;139;440000;19;000000;0;852152004012;Hyperice;0;020000;
700011;42000 038-00;Hyperice Acc Battery;391;440000;25;000000;0;852152004159;Hyperice;0;276000;
700014;33000 038-00;Hyperice RelaxRoll;195;440000;0;000000;0;852152004845;Hyperice;0;220000;
150076;WFCC4;Wahoo ELEMNT ROAM;1559;400000;0;000000;0;853988006652;Wahoo Fitness POS;0;450000;
700001;21000 001-10;Hyperice Venom - leg;1119;440000;18;000000;0;852152004883;Hyperice;1;800000;
700002;21000 001-21;Hyperice Venom - Shoulder - L;1119;440000;12;000000;0;852152004906;Hyperice;1;800000;
700003;21000 001-22;Hyperice Venom - Shoulder - R;1119;440000;5;000000;0;852152004913;Hyperice;1;800000;
720004;WAPX-WB-BLK;*Coros ACC Apex Watch Band Black 46mm;139;440000;0;000000;0;810005780353;Coros;0;060000;
450021;450021;Re:claim Work Wash+;39;600000;239;000000;0;7350003510208;re:CLAIM;1;050000;
720005;WAPX-WB-NAV;Coros ACC Apex Watch Band Navy 46mm;139;440000;0;000000;0;810005780360;Coros;0;060000;
720006;WAPX-WB-GRN;Coros ACC Apex Watch Band Green 46mm;139;440000;0;000000;0;810005780377;Coros;0;060000;
720008;WAPXs-WB-BLK;Coros ACC Apex Watch Band Black 42mm;139;440000;11;000000;0;810005780391;Coros;0;060000;
720009;WAPXs-WB-WHT;Coros ACC Apex Watch Band White 42mm;139;440000;11;000000;0;810005780407;Coros;0;060000;
720010;WAPXs-WB-PNK;Coros ACC Apex Watch Band Pink 42mm;139;440000;0;000000;0;810005780414;Coros;0;060000;
720011;WAPXs-WB-PUR;Coros ACC Apex Watch Band Purple 42mm;139;440000;0;000000;0;810005780421;Coros;0;060000;
700016;33020 038-00;Hyperice RelaxRoll SphereX;111;440000;0;000000;0;852152004869;Hyperice;0;030000;
770046;A001002;BLACKROLL RELEAZER; vibration;779;000000;0;000000;0;4211125640675;Blackroll;1;030000;
770047;A001025;BLACKROLL DEEP RELEAZER;171;000000;36;000000;0;4260346270888;Blackroll;0;190000;
770004;A000416;BLACKROLL MED White/Pink;140;000000;4;000000;0;4260346270055;Blackroll;0;250000;
770005;A000390;BLACKROLL MED White/Green;140;000000;8;000000;0;4260346270284;Blackroll;0;250000;
770006;A000460;BLACKROLL MED 45 White/Green;181;000000;10;000000;0;4260346270871;Blackroll;0;340000;
770007;A000422;BLACKROLL PRO Orange;150;000000;14;000000;0;4260346270291;Blackroll;0;420000;
770008;A000418;BLACKROLL PRO Grey;150;000000;19;000000;0;4260346270208;Blackroll;0;420000;
770009;A000392;BLACKROLL GROOVE STANDARD Black;161;000000;5;000000;0;4260346270079;Blackroll;0;410000;
770010;A000420;BLACKROLL GROOVE PRO Orange;171;000000;1;000000;0;4260346270062;Blackroll;0;410000;
770011;A000464;BLACKROLL GROOVE PRO Azur;171;000000;13;000000;0;4260346270185;Blackroll;0;410000;
770012;A000419;BLACKROLL GROOVE PRO Grey;171;000000;7;000000;0;4260346270192;Blackroll;0;410000;
770013;A000565;BLACKROLL FLOW STANDARD foam roller;171;000000;11;000000;0;4260346271007;Blackroll;0;320000;
770014;A000391;BLACKROLL MINI foam roller; Black;51;000000;59;000000;0;4260346270154;Blackroll;0;320000;
770015;A000412;BLACKROLL MINI foam roller; Pink;51;000000;32;000000;0;4260346270239;Blackroll;0;320000;
770016;A000427;BLACKROLL MINI foam roller; Orange;51;000000;15;000000;0;4260346270147;Blackroll;0;320000;
550065;HWA08-model 1-all-Inter;Withings Move ECG Black/Black;599;400000;43;000000;0;3700546705991;Nokia;0;220000;
550066;HWA08-model 2-all-Inter;Withings Move ECG Blue/White;599;400000;30;000000;0;3700546706097;Nokia;0;220000;
550067;WPM04-all-Inter;Withings BPM Core;987;480000;0;000000;0;3700546705915;Nokia;0;750000;
550068;WPM05-all-Inter;Withings BPM Connect;479;400000;0;000000;0;3700546705984;Nokia;0;330000;
450023;450023;Re:claim Work Spray;31;600000;168;000000;0;7350003510222;re:CLAIM;0;520000;
450024;450024;Re:claim Work Waterproofer;39;600000;225;000000;0;7350003510239;re:CLAIM;0;520000;
720028;WPACE-WB-BLK;Coros ACC PACE Watch Band silicone Black;139;440000;14;000000;0;852083006802;Coros;0;060000;
720029;WPACE-WB-RED;Coros ACC PACE Watch Band silicone Red;139;440000;12;000000;0;852083006819;Coros;0;060000;
770043;A000570;BLACKROLL BLACKBOX MINI; set with foam rollers ;fascia balls;145;000000;18;000000;0;4260346271175;Blackroll;0;380000;
770045;A002505;BLACKROLL BOOSTER SET MED; foam rollers with vibration;1049;000000;1;000000;0;4260346270765;Blackroll;1;750000;
770017;A000574;BLACKROLL MINI foam roller. Red;51;000000;70;000000;0;4260346270420;Blackroll;0;320000;
770018;A000575;BLACKROLL MINI foam roller; Yellow;51;000000;12;000000;0;4260346270130;Blackroll;0;320000;
770019;A000410;BLACKROLL MINI foam roller; Black/Red/Yellow;51;000000;9;000000;0;4260346270161;Blackroll;0;320000;
770020;A000411;BLACKROLL MINI foam roller; Green;51;000000;16;000000;0;4260346270246;Blackroll;0;320000;
770021;A000421;BLACKROLL MINI foam roller; Blue;51;000000;37;000000;0;4260346270406;Blackroll;0;320000;
770022;A000440;BLACKROLL MINI foam roller; Azur;51;000000;100;000000;0;4260346270413;Blackroll;0;320000;
770023;A000439;BLACKROLL MINI foam roller; Grey;51;000000;67;000000;0;4260346270437;Blackroll;0;320000;
770034;A000528;BLACKROLL BALL12 - Green;57;000000;17;000000;0;4260346270697;Blackroll;0;110000;
770035;A000531;BLACKROLL BALL12 - Pink;57;000000;28;000000;0;4260346270512;Blackroll;0;110000;
770036;A000498;BLACKROLL DUO08 foam roll/fascia ball;77;000000;12;000000;0;4260346270253;Blackroll;0;830000;
770038;A000500;BLACKROLL TWISTER;62;000000;9;000000;0;4260346270901;Blackroll;0;020000;
770039;A000105;BLACKROLL BLOCK; yoga block*;155;000000;13;000000;0;4260346270390;Blackroll;0;180000;
770040;A000450;BLACKROLL BLOCK SET; block with foam rollers/fascia ball;171;000000;16;000000;0;4260346270956;Blackroll;0;380000;
770042;A000572;BLACKROLL BLACKBOX MED; set with foam rollers & fascia balls;280;000000;0;000000;0;4260346271236;Blackroll;0;770000;
770024;A000496;BLACKROLL BALL08 - Black;51;000000;0;000000;0;4260346270116;Blackroll;0;780000;
770025;A000526;BLACKROLL BALL08 - Red;51;000000;7;000000;0;4260346270529;Blackroll;0;780000;
770026;A000524;BLACKROLL BALL08 -Yellow;51;000000;8;000000;0;4260346270543;Blackroll;0;780000;
770028;A000510;BLACKROLL BALL08 - Green;51;000000;11;000000;0;4260346270666;Blackroll;0;780000;
770029;A000525;BLACKROLL BALL08 - Pink;51;000000;7;000000;0;4260346270505;Blackroll;0;780000;
770031;A000532;BLACKROLL BALL12 - Red;57;000000;14;000000;0;4260346270536;Blackroll;0;110000;
770032;A000530;BLACKROLL BALL12-Yellow;57;000000;20;000000;0;4260346270550;Blackroll;0;110000;
770033;A000529;BLACKROLL BALL12 - Orange;57;000000;51;000000;0;4260346270499;Blackroll;0;110000;
770049;A000095;BLACKROLL GYMBALL;184;000000;4;000000;0;4260346271137;Blackroll;2;100000;
770050;A000094;BLACKROLL MAT; yogamatta;324;000000;15;000000;0;4260346271274;Blackroll;2;500000;
770051;A001080;BLACKROLL TRAINERBAG;155;000000;11;000000;0;4260346270581;Blackroll;0;610000;
770052;A001079;BLACKROLL GYMBAG;51;000000;2;000000;0;4260346270598;Blackroll;0;700000;
770053;A000624;BLACKROLL MINI FLOW Green;62;000000;8;000000;0;4260346271724;Blackroll;0;040000;
770054;A000626;BLACKROLL MINI FLOW Pink;62;000000;4;000000;0;4260346271700;Blackroll;0;040000;
770055;A000625;BLACKROLL MINI FLOW Orange;62;000000;1;000000;0;4260346271694;Blackroll;0;040000;
770056;A000623;BLACKROLL MINI FLOW Azur;62;000000;0;000000;0;4260346271717;Blackroll;0;040000;
770057;A000622;BLACKROLL MINI FLOW Black;62;000000;9;000000;0;4260346271687;Blackroll;0;040000;
770058;A002222;BLACKROLL POSTURE 2.0 S/M/L;171;000000;4;000000;0;4260346273353;Blackroll;0;150000;
770059;A002223;BLACKROLL POSTURE 2.0 XL/XXL;171;000000;4;000000;0;4260346273360;Blackroll;0;170000;
770060;A001027;BLACKROLL MULTI BAND Green;171;000000;9;000000;0;4260346271656;Blackroll;0;270000;
770061;A001034;BLACKROLL RESIST BAND; Grey - stark;109;000000;5;000000;0;4260346271663;Blackroll;0;240000;
770062;A001033;BLACKROLL RESIST BAND; Black - extrem;109;000000;4;000000;0;4260346271670;Blackroll;0;350000;
770066;A001028;BLACKROLL LOOP BAND SET. Green; Blue; Orange;171;000000;23;000000;0;4260346271618;Blackroll;0;160000;
770067;A000754;BLACKROLL BOOK;98;000000;65;000000;0;9783868839821;Blackroll;0;510000;
770068;A000668;BLACKROLL SLIM foam roller;109;000000;7;000000;0;4260346271915;Blackroll;0;190000;
770069;A001168;BLACKROLL RECOVERY PILLOW;389;000000;0;000000;0;4260346272240;Blackroll;1;580000;
770073;A001154;BLACKROLL SUPER BAND Set;259;000000;7;000000;0;4260346272219;Blackroll;0;430000;
770003;A000459;BLACKROLL STANDARD 45 Black;171;000000;21;000000;0;4260346270864;Blackroll;0;430000;
770037;A000499;BLACKROLL DUO12 foam roll/fascia ball;109;000000;21;000000;0;4260346270123;Blackroll;0;130000;
770065;A001032;BLACKROLL LOOP BAND; Orange - lätt;67;000000;17;000000;0;4260346271632;Blackroll;0;080000;
770063;A001031;BLACKROLL LOOP BAND; Green - medium;67;000000;13;000000;0;4260346271625;Blackroll;0;090000;
770064;A001030;BLACKROLL LOOP BAND; Blue - stark;67;000000;7;000000;0;4260346271649;Blackroll;0;090000;
770030;A000497;BLACKROLL BALL12- Black;57;000000;19;000000;0;4260346270109;Blackroll;0;110000;
720031;WPACE-CRB;Coros ACC PACE Charging Cable (old version);83;440000;0;000000;0;852083006833;Coros;0;080000;
550069;WAM03-Black Mirror-All-Inter;Withings Pulse HR Black V.2;479;400000;13;000000;0;3700546706080;Nokia;0;150000;
150079;WFOHRS;Wahoo TICKR FIT Replacement straps;83;440000;98;000000;0;853988006614;Wahoo Fitness POS;0;050000;
150080;WFCC1M5;Wahoo ELEMNT Quarter Turn Mount Adapter.;83;440000;42;000000;0;853988006300;Wahoo Fitness POS;0;005000;
450012;450012;Re:claim Waterproofer;35;600000;54;000000;0;7350003510185;re:CLAIM;0;320000;
700027;70009001-00;Hyperice TOWER charging station RP013228;223;440000;6;000000;0; ;Hyperice;0;020000;
550071;HWA09-model 2-All-Int;Withings Scanwatch 38mm Black;1499;400000;141;000000;0;3700546706417;Nokia;0;190000;
720033;WAPXP-SVR;Coros Apex Pro Watch Silver/Green;2239;440000;0;000000;0;810005780964;Coros;0;410000;
720032;WAPXP-BLK;Coros Apex Pro Watch Black;2239;440000;0;000000;0;810005780957;Coros;0;410000;
720038;WAPX-BLK-2;Coros APEX 46mm Black/Gray;1511;440000;0;000000;0;810005780759;Coros;0;390000;
450008;450008;Re:claim Wool Wash Sensitive;39;600000;0;000000;0;7350003510147;re:CLAIM;0;543000;
150082;WFKICKRADAPTER;Wahoo KICKR HUB ADAPTER KIT;95;360000;8;000000;0;x;Wahoo Fitness POS;0;000000;
720035;WAPXs-BLK-2;Coros APEX Watch 42mm Black/Gray;1399;440000;196;000000;0;810005780766;Coros;0;390000;
720036;WAPXs-GLD;Coros Apex Watch 42mm GOLD;1399;440000;0;000000;0;810005780780;Coros;0;380000;
720037;WAPXs-WHT-2;Coros APEX 42mm White/Silver;1399;440000;0;000000;0;810005780773;Coros;0;380000;
150084;WFKICKRCAM2;Wahoo CAMPAGNOLO FREEHUB CAMPY FOR KICKR18/V.5/CORE;335;440000;56;000000;0;850010131009;Wahoo Fitness POS;0;118000;
150081;FD050C;Wahoo Replacement charger tickr fit;55;440000;0;000000;0; ;;0;000000;
550074;HWA09-model 3-All-Int;Withings Scanwatch 42mm White;1619;400000;203;000000;0;3700546706424;Nokia;0;230000;
720053;WAPX-WB-COR;Coros ACC APEX - 46mm Watch Band - Coral Orange;139;440000;0;000000;0;810005780803;Coros;0;060000;
770072;A001151;BLACKROLL SUPER BAND; Orange - lätt;103;000000;8;000000;0;4260346272189;Blackroll;0;180000;
720062;WAPXP-WB-GRN-N;Coros ACC APEX  46mm/Pro Nylon Band - Green;139;440000;0;000000;0;810005781565;Coros;0;040000;
550072;HWA09-model 1-All-Int;Withings Scanwatch 38mm White;1499;400000;0;000000;0;3700546706400;Nokia;0;190000;
550073;HWA09-model 4-All-Int;Withings Scanwatch 42mm Black;1619;400000;225;000000;0;3700546706431;Nokia;0;230000;
150096;WFKICKRHUB;Wahoo KICKR(v4)/CORE Shimano/SRAM freehub;279;440000;0;000000;0;853988006638;Wahoo Fitness POS;0;118000;
700060;60000 001-03;Hyperice Normatec 2.0 Leg Recovery System Standard*;7039;360000;26;000000;0;852152004692;Hyperice;4;500000;
700029;30060-001-00;Hyperice Vyper Charger EU;139;440000;10;000000;0;852152004623;Hyperice;0;020000;
150211;000-5143;Wahoo KICKR SNAP Front Wheel Block;111;440000;35;000000;0;0853988006126;Wahoo Fitness Accessories;0;000000;
150212;000-0398;Wahoo Gate Powergrip GT2 5MR-850-15;559;440000;11;000000;0; ;Wahoo Fitness Accessories;0;000000;
720128;WVTX-SPT;Coros VERTIX GPS Adventure Watch Space Traveler;2687;440000;0;000000;0;810005781503;Coros;1;160000;
720057;WVTX-WB-GRN-N;Coros ACC VERTIX Nylon Band - Green
;139;440000;0;000000;0;810005781602
;Coros;0;040000;
720054;WVTX-WB-BLK-N;Coros ACC VERTIX Nylon Band - Black
;139;440000;0;000000;0;810005781572
;Coros;0;040000;
720055;WVTX-WB-AMB-N;Coros ACC VERTIX Nylon Band - Amber
;139;440000;0;000000;0;810005781589
;Coros;0;040000;
720056;WVTX-WB-NVY-N;Coros ACC VERTIX Nylon Band - Navy
;139;440000;0;000000;0;810005781596
;Coros;0;040000;
720061;WAPXP-WB-NVY-N;Coros ACC APEX  46mm/Pro Nylon Band - Navy;139;440000;0;000000;0;810005781558
;Coros;0;040000;
720058;WAPXP-WB-BLK-N;Coros ACC APEX  46mm/Pro Nylon Band - Black
;139;440000;0;000000;0;810005781534;Coros;0;040000;
720059;WAPXP-WB-AMB-N;Coros ACC APEX  46mm/Pro Nylon Band - Amber;139;440000;0;000000;0;810005781541;Coros;0;040000;
720122;WPACE2-WB-NVY;Coros ACC Pace 2 Silicone Band - Dark Navy Works w/ APEX 42m;139;440000;0;000000;0;810005781404;Coros;0;050000;
720123;WPACE2-WB-WHT;Coros ACC Pace 2 Silicone Band - White Works w/ APEX 42mm;139;440000;47;000000;0;810005781411;Coros;0;060000;
720124;WPACE2-WB-WHT-N;Coros ACC Pace 2 Nylon Band - White - Works w/ APEX 42mm;139;440000;0;000000;0;810005781480;Coros;0;040000;
720125;WPACE2-WB-NVY-N;*Coros ACC Pace 2 Nylon Band - Dark Navy -Works w/ APEX 42mm;139;440000;0;000000;0;810005781497;Coros;0;050000;
150216;WFKICKRAXIS;Wahoo KICKR Axis Feet;335;440000;342;000000;0;850010131085;Wahoo Fitness Hardware;0;900000;
700066;61000-001-00;Hyperice Normatec Backpack;839;400000;5;000000;0;852152004784;Hyperice;2;270000;
700032;53100 038-00;Hyperice Hypervolt BT;1679;440000;491;000000;0;852152004524;Hyperice;3;500000;
700068;60060 001-00;Hyperice Normatec Hip Attachment;2239;360000;8;000000;0;8100500280181;Hyperice;0;900000;
700069;60070-001-00;Hyperice Normatec Arm Attachment Set (one right and left);3519;360000;14;000000;0;810050280624;Hyperice;0;000000;
700070;60080-001-00;Hyperice Normatec PULSE Series Hose;511;360000;2;000000;0;810050280204;Hyperice;0;900000;
520009;UK_PGA-PADS;Paingone Pads for AEGIS;44;240000;96;000000;0;5060035704408;;0;077000;
150251;WFPRZ1S53;Wahoo SPEEDPLAY: ZERO Pedal System;1007;440000;272;000000;0;850010131375;;0;540000;
150253;WFPRN1S53;Wahoo SPEEDPLAY: NANO Pedal System;1903;440000;221;000000;0;850010131368;;0;500000;
150254;WFPRCLTST;Wahoo SPEEDPLAY: Standard Tension Cleat;251;440000;718;000000;0;850010131290;;0;220000;
211007;11903;MAURTEN 750ml Water Bottle;21;600000;214;000000;0;7350008410121;;0;100000;
211002;10202;MAURTEN Drink Mix 320 - box of 14 servings;181;920000;140;000000;0;7350008410008;;1;340000;
211006;11901;MAURTEN 500ml Water Bottle;16;800000;51;000000;0;7350008410114;;0;080000;
150250;WFPRC1S53;Wahoo SPEEDPLAY: COMP Pedal System;671;440000;0;000000;0;850010131382;;0;570000;
150252;WFPRA1S53;Wahoo SPEEDPLAY: AERO Pedal System;1287;440000;0;000000;0;850010131351;;0;540000;
150255;WFPRCLTEZ;Wahoo SPEEDPLAY: Easy Tension Cleat;251;440000;0;000000;0;850010131306;;0;210000;
770044;A002502;BLACKROLL BOOSTER; add extra vibriation to your foam roller;959;000000;1;000000;0;4260346270468;Blackroll;1;090000;
520001;PGN-1282;Paingone One;155;480000;0;000000;0;5060035700325;;0;085000;
520004;PGE-PADS;Paingone Replacement pads for Easy;44;240000;431;000000;0;5060035703982;;0;040000;
520005;PGN-FZ;Paingone Freeze;66;640000;24;000000;0;5060035705139;;0;200000;
770070;A001153;BLACKROLL SUPER BAND; Blue - stark;103;000000;9;000000;0;4260346272202;Blackroll;0;220000;
770077;A001391;BLACKROLL® LOOP BAND Red;67;000000;1;000000;0;4260346272424;Blackroll;0;570000;
770078;A002254;BLACKROLL® LOOP BAND Black;67;000000;22;000000;0;4260346273339;Blackroll;0;640000;
770079;A001856;BLACKROLL® LOOP BAND Yellow;67;000000;0;000000;0;4260346272851;Blackroll;0;700000;
770080;A002255;BLACKROLL® LOOP BAND SET yel; org; red; green; blue; black;279;000000;2;000000;0;4260346273346;Blackroll;0;342000;
770090;A002257;BLACKROLL® TWIN black;171;000000;8;000000;0;4260346273025;Blackroll;0;217000;
770091;A002444;BLACKROLL® TMX® TRIGGER black;135;000000;2;000000;0;4260346274732;Blackroll;0;930000;
770092;A002445;BLACKROLL® TMX® TRIGGER PLUS black;135;000000;2;000000;0;4260346274749;Blackroll;0;930000;
770107;A002329;BLACKROLL® DUOFLEX 12 black;161;000000;2;000000;0; ;Blackroll;0;000000;
700072;60085-001-04;Hyperice Normatec Tall Boot Attachment Single;959;360000;0;000000;0;810050280266;Hyperice;0;900000;
720085;WAPXP-WHT;Coros Apex Pro White;2239;440000;2;000000;0;810005781633;;0;410000;
150221;WF140WT;Wahoo ELEMNT RIVAL Multi-Sport GPS Watch - Kona White;1847;384000;202;000000;0;850010131603;;0;320000;
171000;RNTNPERUN;North Pole Engineering RUNN;520;240000;24;000000;0;RNTPERUN;;0;274000;
171001;HBTZ;North Pole Engineering HEARTBEATZ;210;000000;21;000000;0;HBTZ;;0;028000;
171002;CABLE;North Pole Engineering CABLE;268;240000;58;000000;0;CABLE;;0;028000;
450010;450010;Re:claim Baby Wash;31;600000;0;000000;0;7350003510161;re:CLAIM;0;543000;
450022;450022;Re:claim Work Wash+ 5L;159;600000;0;000000;0;7350003510215;re:CLAIM;5;170000;
211005;18009;MAURTEN Mix Box Training Pack - box of 21 servings;215;520000;0;000000;0; ;;1;280000;
